<?xml version="1.0" encoding="UTF-8"?>
<beans xmlns="http://www.springframework.org/schema/beans"
	xmlns:xsi="http://www.w3.org/2001/XMLSchema-instance" xmlns:context="http://www.springframework.org/schema/context"
	xmlns:batch="http://www.springframework.org/schema/batch" xmlns:jdbc="http://www.springframework.org/schema/jdbc"
	xsi:schemaLocation="http://www.springframework.org/schema/beans http://www.springframework.org/schema/beans/spring-beans.xsd
                http://www.springframework.org/schema/context http://www.springframework.org/schema/context/spring-context.xsd
                http://www.springframework.org/schema/batch http://www.springframework.org/schema/batch/spring-batch.xsd
                http://www.springframework.org/schema/jdbc http://www.springframework.org/schema/jdbc/spring-jdbc.xsd">
	<!-- 注解扫描的包 -->
	<context:component-scan base-package="com.huateng.wxmgr.userbatch" />
	<!-- 数据源配置 -->
	<bean id="dataSource" class="org.apache.commons.dbcp.BasicDataSource"
		destroy-method="close">
		<property name="driverClassName" value="com.mysql.jdbc.Driver" />
		<property name="url" value="jdbc:mysql://localhost/baseshop" />
		<property name="username" value="zhongxin" />
		<property name="password" value="zhongxin" />
	</bean>
	<bean id="transactionManager"
		class="org.springframework.jdbc.datasource.DataSourceTransactionManager">
		<property name="dataSource" ref="dataSource" />
	</bean>
	<!-- jdbctemplates配置 -->
	<bean id="jdbcTemplate" class="org.springframework.jdbc.core.JdbcTemplate">
		<property name="dataSource" ref="dataSource" />
	</bean>
	<!--restTemplate配置 -->
	<bean id="restTemplate" class="org.springframework.web.client.RestTemplate">
	</bean>
	<!-- redisTemplate配置 -->
	<bean id="redisTemplate" class="org.springframework.data.redis.core.RedisTemplate">
		<property name="connectionFactory" ref="redisConnectionFactory" />
	</bean>
	<!-- redis服务器中心配置 -->
	<bean id="redisConnectionFactory"
		class="org.springframework.data.redis.connection.jedis.JedisConnectionFactory">
		<property name="poolConfig" ref="poolConfig" />
		<property name="port" value="${spring.redis.port}" />
		<property name="hostName" value="${spring.redis.host}" />
		<property name="password" value="${spring.redis.password}" />
		<property name="timeout" value="${custom.connection.timeout}"></property>
	</bean>
	<!-- jedis 配置 -->
	<bean id="poolConfig" class="redis.clients.jedis.JedisPoolConfig">
		<property name="maxIdle" value="${spring.redis.pool.max-idle}" />
		<property name="maxWaitMillis" value="${spring.redis.pool.max-wait}" />
		<property name="maxTotal" value="${spring.redis.pool.max-active}" />
	</bean>

	<!-- 作业仓库 -->
	<bean id="jobRepository"
		class="org.springframework.batch.core.repository.support.MapJobRepositoryFactoryBean">
		<property name="transactionManager" ref="transactionManager" />
	</bean>
	<!-- 任务启动器 -->
	<bean id="jobLauncher"
		class="org.springframework.batch.core.launch.support.SimpleJobLauncher">
		<property name="jobRepository" ref="jobRepository" />
	</bean>

	<!-- 下面是一种配置方式 也可以在类里面直接component 声明组件 -->
	<!-- <bean id="productWriter" class="com.geekcap.javaworld.springbatchexample.simple.writer.ProductItemWriter"/> 
		<bean id="productProcessor" class="com.geekcap.javaworld.springbatchexample.simple.processor.ProductItemProcessor"/> 
		<bean id="archiveFileTasklet" class="com.geekcap.javaworld.springbatchexample.simple.tasklet.ArchiveProductImportFileTasklet" 
		scope="step"> <property name="inputFile" value="#{jobParameters['inputFile']}"/> 
		</bean> -->
</beans>